STATE,MONTH,TMIN,TMAX,TAVG
AK,2023/01,-15.6,-7.8,-21.4
AK,2023/02,-7.4,1.7,-9.5
AK,2023/03,-5.7,4.2,-6.7
AK,2023/04,-2.2,10,-1.3
AK,2023/05,0,14.4,4.9
AK,2023/06,6.2,19.3,12.8
AK,2023/07,9.2,18.5,13.7
AK,2023/08,6.3,18.1,8.9
AK,2023/09,2,12.4,3.8
AK,2023/10,-9.7,-1.5,-5.8
AK,2023/11,-17.7,-9.3,-13.7
AK,2023/12,-21.9,-12.5,-18.2
AK,2024/01,-14.8,-7,-20.6
AK,2024/02,-6.9,2.2,-9
AK,2024/03,-5,4.9,-6
AK,2024/04,-2.2,10,-1.3
AK,2024/05,0.5,14.9,5.4
AK,2024/06,7.3,20.4,13.9
AK,2024/07,10,19.3,14.5
AK,2024/08,6.3,18.1,8.9
AK,2024/09,3,13.4,4.8
AK,2024/10,-9.2,-1,-5.3
AK,2024/11,-17.3,-8.9,-13.3
AK,2024/12,-22,-12.6,-18.3
AL,2023/01,-0.3,12.1,12
AL,2023/02,1.2,19.1,14
AL,2023/03,5.1,21.6,17.5
AL,2023/04,6.5,22.3,18.5
AL,2023/05,15.6,30.1,24.8
AL,2023/06,17.7,31.8,26.3
AL,2023/07,19.4,35.7,28.7
AL,2023/08,19.3,35.6,28.8
AL,2023/09,16.1,30.1,26.8
AL,2023/10,8.9,27.1,21.3
AL,2023/11,4.1,16.6,15.4
AL,2023/12,-3.1,8.8,8.5
AL,2024/01,0.1,12.5,12.4
AL,2024/02,1.5,19.4,14.3
AL,2024/03,5.9,22.4,18.3
AL,2024/04,7.3,23.1,19.3
AL,2024/05,16.5,31,25.7
AL,2024/06,17.3,31.4,25.9
AL,2024/07,19.8,36.1,29.1
AL,2024/08,20,36.3,29.5
AL,2024/09,16.1,30.1,26.8
AL,2024/10,8.7,26.9,21.1
AL,2024/11,4.1,16.6,15.4
AL,2024/12,-1.6,10.3,10
AR,2023/01,2,14.4,3.2
AR,2023/02,4.3,19,8
AR,2023/03,8.8,22.3,10.5
AR,2023/04,10.3,22.9,13.2
AR,2023/05,17.1,29.6,19.8
AR,2023/06,20.3,32.4,21.4
AR,2023/07,22.3,35.7,24.8
AR,2023/08,22.5,38,27.4
AR,2023/09,17.4,32.2,23.6
AR,2023/10,11.3,28.8,18.8
AR,2023/11,5.7,16.5,9.8
AR,2023/12,-7.4,1.5,1.1
AR,2024/01,2,14.4,3.2
AR,2024/02,5.2,19.9,8.9
AR,2024/03,10.2,23.7,11.9
AR,2024/04,11.7,24.3,14.6
AR,2024/05,17.6,30.1,20.3
AR,2024/06,21,33.1,22.1
AR,2024/07,22.5,35.9,25
AR,2024/08,22.1,37.6,27
AR,2024/09,18.1,32.9,24.3
AR,2024/10,11.6,29.1,19.1
AR,2024/11,7.1,17.9,11.2
AR,2024/12,-6.8,2.1,1.7
AZ,2023/01,2.9,17.2,8.3
AZ,2023/02,3.7,18.2,9.7
AZ,2023/03,5.1,18.5,11.4
AZ,2023/04,9.6,27.2,18
AZ,2023/05,15.6,31.8,23.5
AZ,2023/06,19,35.1,27.2
AZ,2023/07,21.3,36.7,29.2
AZ,2023/08,21.5,35,27.9
AZ,2023/09,17.9,32.4,24.4
AZ,2023/10,11,22.7,16.4
AZ,2023/11,2.4,15.6,7.1
AZ,2023/12,3,17.7,7.2
AZ,2024/01,3.4,17.7,8.8
AZ,2024/02,5.1,19.6,11.1
AZ,2024/03,4.6,18,10.9
AZ,2024/04,10.4,28,18.8
AZ,2024/05,16,32.2,23.9
AZ,2024/06,19.7,35.8,27.9
AZ,2024/07,22.8,38.2,30.7
AZ,2024/08,21.5,35,27.9
AZ,2024/09,18.5,33,25
AZ,2024/10,10.6,22.3,16
AZ,2024/11,3.4,16.6,8.1
AZ,2024/12,2.8,17.5,7
CA,2023/01,4.9,11.1,0.8
CA,2023/02,5.9,11.9,3.2
CA,2023/03,6.9,17.2,3.9
CA,2023/04,10.3,22,8.6
CA,2023/05,12.9,24.6,11.1
CA,2023/06,19,32.7,17
CA,2023/07,18.9,33.8,18.1
CA,2023/08,20.1,35,18.5
CA,2023/09,16.4,28.4,13.1
CA,2023/10,12.2,22.4,5.4
CA,2023/11,5.8,14.1,1
CA,2023/12,6.4,13.6,0.2
CA,2024/01,4.4,10.6,0.3
CA,2024/02,6.8,12.8,4.1
CA,2024/03,7.7,18,4.7
CA,2024/04,11.5,23.2,9.8
CA,2024/05,13.5,25.2,11.7
CA,2024/06,19.8,33.5,17.8
CA,2024/07,19.3,34.2,18.5
CA,2024/08,21.4,36.3,19.8
CA,2024/09,16,28,12.7
CA,2024/10,12.9,23.1,6.1
CA,2024/11,6.6,14.9,1.8
CA,2024/12,7,14.2,0.8
CO,2023/01,-8,8.6,-4.2
CO,2023/02,-3.3,11.6,-1.3
CO,2023/03,-1,13.9,1
CO,2023/04,2.6,22.7,7.1
CO,2023/05,7.7,28.2,12.3
CO,2023/06,12.1,33,16
CO,2023/07,15.1,36.2,18.4
CO,2023/08,15.3,35.2,18.2
CO,2023/09,9,29.5,13.7
CO,2023/10,3.7,21.6,6.5
CO,2023/11,-5.8,10,-4
CO,2023/12,-8.3,8.6,-5.6
CO,2024/01,-7.7,8.9,-3.9
CO,2024/02,-2,12.9,0
CO,2024/03,-1.3,13.6,0.7
CO,2024/04,3.1,23.2,7.6
CO,2024/05,8.5,29,13.1
CO,2024/06,13.3,34.2,17.2
CO,2024/07,15.2,36.3,18.5
CO,2024/08,16.8,36.7,19.7
CO,2024/09,9,29.5,13.7
CO,2024/10,4.2,22.1,7
CO,2024/11,-5.4,10.4,-3.6
CO,2024/12,-8.1,8.8,-5.4
CT,2023/01,-9.8,1.4,-1.8
CT,2023/02,-7.6,4.3,1.2
CT,2023/03,-1.7,11,6.3
CT,2023/04,2.1,13.3,8.8
CT,2023/05,8.1,19.6,15.4
CT,2023/06,11.9,23.9,20.4
CT,2023/07,13.4,25.1,21.5
CT,2023/08,13.5,24,21.7
CT,2023/09,8.6,22.7,18.3
CT,2023/10,2,18.5,12.3
CT,2023/11,-2,9.4,6.6
CT,2023/12,-9.5,4.5,-1.2
CT,2024/01,-8.9,2.3,-0.9
CT,2024/02,-7.1,4.8,1.7
CT,2024/03,-1.9,10.8,6.1
CT,2024/04,2.3,13.5,9
CT,2024/05,7.8,19.3,15.1
CT,2024/06,12.4,24.4,20.9
CT,2024/07,13.8,25.5,21.9
CT,2024/08,14.1,24.6,22.3
CT,2024/09,10,24.1,19.7
CT,2024/10,2.6,19.1,12.9
CT,2024/11,-2.1,9.3,6.5
CT,2024/12,-10,4,-1.7
DE,2023/01,-4.2,6.3,1.2
DE,2023/02,-0.9,10.2,4.5
DE,2023/03,3.8,14.8,9.5
DE,2023/04,6.4,16.6,11.5
DE,2023/05,13.3,23.8,18.4
DE,2023/06,17.8,28.4,22.9
DE,2023/07,18.4,26.9,22.8
DE,2023/08,18.7,27.3,23.2
DE,2023/09,14.9,24.1,19.2
DE,2023/10,9.1,21.2,14.3
DE,2023/11,2.5,12.6,7
DE,2023/12,-4.3,3.9,-0.1
DE,2024/01,-3,7.5,2.4
DE,2024/02,-1.2,9.9,4.2
DE,2024/03,5.1,16.1,10.8
DE,2024/04,6.8,17,11.9
DE,2024/05,14.5,25,19.6
DE,2024/06,18.1,28.7,23.2
DE,2024/07,18.9,27.4,23.3
DE,2024/08,19.3,27.9,23.8
DE,2024/09,15.9,25.1,20.2
DE,2024/10,9.5,21.6,14.7
DE,2024/11,3.3,13.4,7.8
DE,2024/12,-2.8,5.4,1.4
FL,2023/01,4.9,19.7,18.2
FL,2023/02,5.2,22.3,18.7
FL,2023/03,10,26.2,21.4
FL,2023/04,9.5,25.9,22
FL,2023/05,16.5,32.9,24.4
FL,2023/06,19.2,33.8,25.8
FL,2023/07,21.4,33.5,26.1
FL,2023/08,21.7,33.4,26.6
FL,2023/09,20.7,30.4,27
FL,2023/10,12.7,27.2,24.1
FL,2023/11,8.4,22.1,21
FL,2023/12,2.9,18,19
FL,2024/01,5.1,19.9,18.4
FL,2024/02,6.1,23.2,19.6
FL,2024/03,10,26.2,21.4
FL,2024/04,10.6,27,23.1
FL,2024/05,16.8,33.2,24.7
FL,2024/06,18.9,33.5,25.5
FL,2024/07,21.6,33.7,26.3
FL,2024/08,22.3,34,27.2
FL,2024/09,21,30.7,27.3
FL,2024/10,14.2,28.7,25.6
FL,2024/11,9.4,23.1,22
FL,2024/12,2.4,17.5,18.5
GA,2023/01,-0.3,11,7.9
GA,2023/02,1.1,15.2,11.8
GA,2023/03,6.6,22.1,16
GA,2023/04,6.8,23.1,16.8
GA,2023/05,16.1,31.7,24.9
GA,2023/06,18.6,33.4,27
GA,2023/07,20.2,34.5,27.8
GA,2023/08,20,33.6,26.7
GA,2023/09,18.1,28.8,23
GA,2023/10,8.7,27.4,19
GA,2023/11,4.3,21,11.6
GA,2023/12,-0.7,14.1,4.6
GA,2024/01,-0.7,10.6,7.5
GA,2024/02,1.3,15.4,12
GA,2024/03,6.3,21.8,15.7
GA,2024/04,6.6,22.9,16.6
GA,2024/05,16.6,32.2,25.4
GA,2024/06,19.3,34.1,27.7
GA,2024/07,20.9,35.2,28.5
GA,2024/08,20.9,34.5,27.6
GA,2024/09,18.5,29.2,23.4
GA,2024/10,10,28.7,20.3
GA,2024/11,4.7,21.4,12
GA,2024/12,-0.6,14.2,4.7
HI,2023/01,17,24.1,20.7
HI,2023/02,16.8,26.8,22
HI,2023/03,17.7,26.5,22.3
HI,2023/04,18.4,25.2,21.9
HI,2023/05,19.2,27.3,23.3
HI,2023/06,20.2,28.2,24.3
HI,2023/07,20.7,27.6,24.3
HI,2023/08,21.1,27.8,24.6
HI,2023/09,20.4,27.8,24.2
HI,2023/10,20.5,27.6,24.2
HI,2023/11,19.3,26.2,22.9
HI,2023/12,17.9,26.2,22.1
HI,2024/01,17.2,24.3,20.9
HI,2024/02,16.9,26.9,22.1
HI,2024/03,18.2,27,22.8
HI,2024/04,19.6,26.4,23.1
HI,2024/05,18.9,27,23
HI,2024/06,21.1,29.1,25.2
HI,2024/07,22.1,29,25.7
HI,2024/08,20.7,27.4,24.2
HI,2024/09,21.2,28.6,25
HI,2024/10,20.1,27.2,23.8
HI,2024/11,20.4,27.3,24
HI,2024/12,19.1,27.4,23.3
IA,2023/01,-11.1,-2.2,-6.5
IA,2023/02,-5.3,3.4,-0.9
IA,2023/03,0,11.5,5.9
IA,2023/04,2.5,14.4,8.8
IA,2023/05,10.4,21.5,16.1
IA,2023/06,13.8,24.3,19.2
IA,2023/07,16.5,26.4,21.6
IA,2023/08,16.7,26.8,21.9
IA,2023/09,11.3,22.6,17.2
IA,2023/10,6.7,18.1,12.5
IA,2023/11,-3.3,4.9,0.9
IA,2023/12,-16.4,-7.7,-11.9
IA,2024/01,-10.4,-1.5,-5.8
IA,2024/02,-5,3.7,-0.6
IA,2024/03,0.3,11.8,6.2
IA,2024/04,2.1,14,8.4
IA,2024/05,10.8,21.9,16.5
IA,2024/06,13.5,24,18.9
IA,2024/07,17,26.9,22.1
IA,2024/08,18,28.1,23.2
IA,2024/09,11.1,22.4,17
IA,2024/10,7.9,19.3,13.7
IA,2024/11,-2.6,5.6,1.6
IA,2024/12,-15.6,-6.9,-11.1
ID,2023/01,-2.9,5,-8
ID,2023/02,-0.3,10.2,-4.5
ID,2023/03,-0.8,12.6,-2.7
ID,2023/04,3.4,19.9,2
ID,2023/05,7.4,22.8,4.9
ID,2023/06,9.7,28.2,10.6
ID,2023/07,14,32.9,14.9
ID,2023/08,10,31.6,13.9
ID,2023/09,8,24.5,6.4
ID,2023/10,4.1,17.8,2.3
ID,2023/11,-4.1,5.2,-6.8
ID,2023/12,-4,2.5,-7.4
ID,2024/01,-2.3,5.6,-7.4
ID,2024/02,-0.3,10.2,-4.5
ID,2024/03,-0.6,12.8,-2.5
ID,2024/04,4.6,21.1,3.2
ID,2024/05,8.5,23.9,6
ID,2024/06,10.3,28.8,11.2
ID,2024/07,14,32.9,14.9
ID,2024/08,10.6,32.2,14.5
ID,2024/09,8.8,25.3,7.2
ID,2024/10,5.3,19,3.5
ID,2024/11,-4.4,4.9,-7.1
ID,2024/12,-3.2,3.3,-6.6
IL,2023/01,-9.4,1.2,-4
IL,2023/02,-3.4,7.1,2
IL,2023/03,0,13.6,7
IL,2023/04,2.7,17.4,10.2
IL,2023/05,11.8,24.3,18.2
IL,2023/06,15.4,26.8,21.3
IL,2023/07,16.6,27.7,22.3
IL,2023/08,16.8,28.7,22.9
IL,2023/09,11.4,26.2,19
IL,2023/10,7.6,21,14.4
IL,2023/11,-1.3,7.9,3.5
IL,2023/12,-13.1,-3.9,-8.5
IL,2024/01,-9,1.6,-3.6
IL,2024/02,-2.7,7.8,2.7
IL,2024/03,-0.2,13.4,6.8
IL,2024/04,3.4,18.1,10.9
IL,2024/05,12.2,24.7,18.6
IL,2024/06,15.8,27.2,21.7
IL,2024/07,17,28.1,22.7
IL,2024/08,16.3,28.2,22.4
IL,2024/09,12.1,26.9,19.7
IL,2024/10,7.9,21.3,14.7
IL,2024/11,0,9.2,4.8
IL,2024/12,-11.8,-2.6,-7.2
IN,2023/01,-10.1,1.7,-3.8
IN,2023/02,-4.6,5.9,2.2
IN,2023/03,0.1,12.9,7
IN,2023/04,2.6,15.9,10.2
IN,2023/05,11.1,23.7,18
IN,2023/06,14.9,27.2,21.3
IN,2023/07,15.4,28,21.9
IN,2023/08,15,27.2,21.2
IN,2023/09,9.9,24.2,17.3
IN,2023/10,7.1,20.4,13.6
IN,2023/11,0,9.7,4.4
IN,2023/12,-12.3,-3.1,-7.2
IN,2024/01,-9.4,2.4,-3.1
IN,2024/02,-4.9,5.6,1.9
IN,2024/03,1.4,14.2,8.3
IN,2024/04,2.6,15.9,10.2
IN,2024/05,12.3,24.9,19.2
IN,2024/06,15.3,27.6,21.7
IN,2024/07,16.1,28.7,22.6
IN,2024/08,16,28.2,22.2
IN,2024/09,11.2,25.5,18.6
IN,2024/10,7.3,20.6,13.8
IN,2024/11,0.7,10.4,5.1
IN,2024/12,-12.2,-3,-7.1
KS,2023/01,-5.4,6.1,0.4
KS,2023/02,-0.7,11.5,5.5
KS,2023/03,2.6,14.5,8.7
KS,2023/04,5.6,19.8,12.8
KS,2023/05,13.5,25.9,19.9
KS,2023/06,16.6,27.1,22
KS,2023/07,19.6,30.6,25.3
KS,2023/08,21.5,36.2,29
KS,2023/09,12.4,29.8,19.3
KS,2023/10,9.6,21.3,15.6
KS,2023/11,-2.8,8.2,2.8
KS,2023/12,-11.9,-2.2,-7.1
KS,2024/01,-5.2,6.3,0.6
KS,2024/02,0.4,12.6,6.6
KS,2024/03,2.4,14.3,8.5
KS,2024/04,6.1,20.3,13.3
KS,2024/05,13.4,25.8,19.8
KS,2024/06,17.6,28.1,23
KS,2024/07,20.6,31.6,26.3
KS,2024/08,21.5,36.2,29
KS,2024/09,12.3,29.7,19.2
KS,2024/10,10.9,22.6,16.9
KS,2024/11,-1.3,9.7,4.3
KS,2024/12,-11.4,-1.7,-6.6
KY,2023/01,-5.4,5.1,0
KY,2023/02,0.2,11.9,6.1
KY,2023/03,2.1,15.8,9.1
KY,2023/04,5.2,18.3,11.9
KY,2023/05,12.8,25.4,19.2
KY,2023/06,16.5,28.3,22.5
KY,2023/07,17.8,28.5,23.3
KY,2023/08,17.4,28.7,23.2
KY,2023/09,13.8,25.2,19.6
KY,2023/10,9.3,22.4,16
KY,2023/11,2.4,11.2,6.9
KY,2023/12,-7.4,1,-3.1
KY,2024/01,-4.4,6.1,1
KY,2024/02,1.2,12.9,7.1
KY,2024/03,2.3,16,9.3
KY,2024/04,5.9,19,12.6
KY,2024/05,13.5,26.1,19.9
KY,2024/06,17.5,29.3,23.5
KY,2024/07,19.1,29.8,24.6
KY,2024/08,18,29.3,23.8
KY,2024/09,13.8,25.2,19.6
KY,2024/10,9.6,22.7,16.3
KY,2024/11,2.1,10.9,6.6
KY,2024/12,-6.1,2.3,-1.8
LA,2023/01,4.8,17.5,11.3
LA,2023/02,7,21.7,14.5
LA,2023/03,10.9,23.8,17.4
LA,2023/04,11.8,24.8,18.4
LA,2023/05,19.9,30.6,25.3
LA,2023/06,21.3,31.9,26.8
LA,2023/07,22.4,34.6,28.5
LA,2023/08,21.8,36.8,29.4
LA,2023/09,18.1,32.5,23.7
LA,2023/10,12.3,27.1,19.7
LA,2023/11,6.8,17.8,12.4
LA,2023/12,-0.1,10.3,5.2
LA,2024/01,5.9,18.6,12.4
LA,2024/02,7.9,22.6,15.4
LA,2024/03,10.6,23.5,17.1
LA,2024/04,12.6,25.6,19.2
LA,2024/05,21.2,31.9,26.6
LA,2024/06,22.6,33.2,28.1
LA,2024/07,22.2,34.4,28.3
LA,2024/08,22.4,37.4,30
LA,2024/09,17.7,32.1,23.3
LA,2024/10,12.8,27.6,20.2
LA,2024/11,7.2,18.2,12.8
LA,2024/12,0.7,11.1,6
MA,2023/01,-5.9,3,-1.3
MA,2023/02,-2.3,4.7,1.4
MA,2023/03,1.4,9,5.3
MA,2023/04,4.3,10.7,7.6
MA,2023/05,8.2,16.5,12.5
MA,2023/06,13.7,20.8,17.4
MA,2023/07,15.7,23.4,19.7
MA,2023/08,16.6,23,19.9
MA,2023/09,13.1,20.6,17
MA,2023/10,7.6,15.6,11.7
MA,2023/11,3.5,9.2,6.5
MA,2023/12,-4.4,3.7,-0.2
MA,2024/01,-5.5,3.4,-0.9
MA,2024/02,-1.9,5.1,1.8
MA,2024/03,1.9,9.5,5.8
MA,2024/04,4.3,10.7,7.6
MA,2024/05,7.9,16.2,12.2
MA,2024/06,14.9,22,18.6
MA,2024/07,16.5,24.2,20.5
MA,2024/08,17.8,24.2,21.1
MA,2024/09,14.5,22,18.4
MA,2024/10,7.9,15.9,12
MA,2024/11,4.9,10.6,7.9
MA,2024/12,-3.3,4.8,0.9
MD,2023/01,-5.8,3.1,-1.2
MD,2023/02,-1.7,7.1,2.8
MD,2023/03,2.9,14.2,9.1
MD,2023/04,5.4,16.4,11
MD,2023/05,12.4,23.8,18.2
MD,2023/06,17.3,26.8,22.2
MD,2023/07,16.8,26,21.5
MD,2023/08,17,26.4,21.8
MD,2023/09,12.3,22.6,17.6
MD,2023/10,6.9,19.2,13.2
MD,2023/11,0.5,10.2,5.5
MD,2023/12,-7.5,0.4,-2.8
MD,2024/01,-4.6,4.3,0
MD,2024/02,-1.7,7.1,2.8
MD,2024/03,4,15.3,10.2
MD,2024/04,6.6,17.6,12.2
MD,2024/05,13.7,25.1,19.5
MD,2024/06,17.8,27.3,22.7
MD,2024/07,16.5,25.7,21.2
MD,2024/08,17.5,26.9,22.3
MD,2024/09,12.5,22.8,17.8
MD,2024/10,8.2,20.5,14.5
MD,2024/11,1,10.7,6
MD,2024/12,-7.7,0.2,-3
ME,2023/01,-12.4,-0.6,-6.4
ME,2023/02,-10.1,1.3,-4.3
ME,2023/03,-3.5,7.9,2.4
ME,2023/04,0.7,10.8,5.9
ME,2023/05,5.1,16,10.7
ME,2023/06,9.8,22.4,16.3
ME,2023/07,12,23.5,17.9
ME,2023/08,12.5,23.9,18.3
ME,2023/09,7.3,19.8,13.6
ME,2023/10,2.4,14.1,8.4
ME,2023/11,-0.1,7.9,4.1
ME,2023/12,-9.8,0.3,-4.6
ME,2024/01,-12.8,-1,-6.8
ME,2024/02,-10.4,1,-4.6
ME,2024/03,-2.4,9,3.5
ME,2024/04,1.7,11.8,6.9
ME,2024/05,4.7,15.6,10.3
ME,2024/06,9.3,21.9,15.8
ME,2024/07,12.7,24.2,18.6
ME,2024/08,12.8,24.2,18.6
ME,2024/09,7.6,20.1,13.9
ME,2024/10,2.5,14.2,8.5
ME,2024/11,0.8,8.8,5
ME,2024/12,-8.6,1.5,-3.4
MI,2023/01,-7.3,0.7,-3.2
MI,2023/02,-2.6,5.6,1.6
MI,2023/03,0.2,11.3,5.9
MI,2023/04,1.3,12.7,7.2
MI,2023/05,9.7,20.7,15.4
MI,2023/06,13.5,24,18.9
MI,2023/07,15.1,24.8,20.1
MI,2023/08,15.3,25.8,20.7
MI,2023/09,10.8,21.7,16.4
MI,2023/10,6.8,17.9,12.4
MI,2023/11,0.4,7,3.8
MI,2023/12,-10.7,-2.4,-6.4
MI,2024/01,-6.8,1.2,-2.7
MI,2024/02,-1.3,6.9,2.9
MI,2024/03,-0.2,10.9,5.5
MI,2024/04,1.9,13.3,7.8
MI,2024/05,11,22,16.7
MI,2024/06,14.3,24.8,19.7
MI,2024/07,15.9,25.6,20.9
MI,2024/08,15.5,26,20.9
MI,2024/09,10.6,21.5,16.2
MI,2024/10,7,18.1,12.6
MI,2024/11,1.8,8.4,5.2
MI,2024/12,-11.1,-2.8,-6.8
MN,2023/01,-20,-7.1,-13.4
MN,2023/02,-14,-0.3,-7
MN,2023/03,-5.9,6.7,0.5
MN,2023/04,-2.6,10.8,4.3
MN,2023/05,4.9,19.5,12.4
MN,2023/06,7.3,20.9,14.3
MN,2023/07,12.9,25.5,19.3
MN,2023/08,9.5,24,16.9
MN,2023/09,2.6,18.4,10.6
MN,2023/10,-0.9,13.5,6.4
MN,2023/11,-5.9,0.8,-2.4
MN,2023/12,-22.1,-12.4,-17.2
MN,2024/01,-20.3,-7.4,-13.7
MN,2024/02,-13.3,0.4,-6.3
MN,2024/03,-4.9,7.7,1.5
MN,2024/04,-2.1,11.3,4.8
MN,2024/05,4.7,19.3,12.2
MN,2024/06,7,20.6,14
MN,2024/07,13.3,25.9,19.7
MN,2024/08,10.1,24.6,17.5
MN,2024/09,2.6,18.4,10.6
MN,2024/10,-0.1,14.3,7.2
MN,2024/11,-6,0.7,-2.5
MN,2024/12,-21.7,-12,-16.8
MO,2023/01,-6.8,3.2,-1.7
MO,2023/02,-1.2,8.8,4
MO,2023/03,1,13.3,7.3
MO,2023/04,4.1,17.6,10.9
MO,2023/05,12,24.4,18.3
MO,2023/06,15,25.9,20.6
MO,2023/07,18.4,28.2,23.4
MO,2023/08,19.2,29.5,24.3
MO,2023/09,12.3,26.2,19.1
MO,2023/10,8,19.5,13.9
MO,2023/11,-2.9,6.9,2.1
MO,2023/12,-13,-3.6,-8.5
MO,2024/01,-5.6,4.4,-0.5
MO,2024/02,-1.4,8.6,3.8
MO,2024/03,2.3,14.6,8.6
MO,2024/04,4.8,18.3,11.6
MO,2024/05,13.2,25.6,19.5
MO,2024/06,16.1,27,21.7
MO,2024/07,18.6,28.4,23.6
MO,2024/08,19.7,30,24.8
MO,2024/09,11.8,25.7,18.6
MO,2024/10,7.9,19.4,13.8
MO,2024/11,-2.4,7.4,2.6
MO,2024/12,-12.4,-3,-7.9
MS,2023/01,4.9,16.7,11
MS,2023/02,6.9,21.2,14.2
MS,2023/03,10.4,23.4,17
MS,2023/04,10.8,24.5,17.7
MS,2023/05,18.8,31,25
MS,2023/06,20.3,32.6,26.6
MS,2023/07,21.7,35.3,28.6
MS,2023/08,21.9,35.3,28.7
MS,2023/09,15.4,30.2,25
MS,2023/10,10.9,26.5,18.9
MS,2023/11,5.7,18.2,9.9
MS,2023/12,0.1,12,6.2
MS,2024/01,6.2,18,12.3
MS,2024/02,6.9,21.2,14.2
MS,2024/03,10.3,23.3,16.9
MS,2024/04,10.5,24.2,17.4
MS,2024/05,19.4,31.6,25.6
MS,2024/06,20.6,32.9,26.9
MS,2024/07,21.4,35,28.3
MS,2024/08,22.8,36.2,29.6
MS,2024/09,15.8,30.6,25.4
MS,2024/10,12.2,27.8,20.2
MS,2024/11,7,19.5,11.2
MS,2024/12,1,12.9,7.1
MT,2023/01,-14.2,-2.7,-8.3
MT,2023/02,-11.7,0.7,-5.3
MT,2023/03,-4.5,9.3,2.5
MT,2023/04,-0.8,14.4,7
MT,2023/05,6.1,20.6,13.5
MT,2023/06,9.2,22.8,16.1
MT,2023/07,14.8,30.1,22.6
MT,2023/08,13,30,21.6
MT,2023/09,6.9,22,14.6
MT,2023/10,0.9,14.6,7.9
MT,2023/11,-12.3,-2.8,-8
MT,2023/12,-18.4,-8.3,-13.7
MT,2024/01,-13.8,-2.3,-7.9
MT,2024/02,-11.4,1,-5
MT,2024/03,-4.1,9.7,2.9
MT,2024/04,-1,14.2,6.8
MT,2024/05,7.1,21.6,14.5
MT,2024/06,9.8,23.4,16.7
MT,2024/07,14.6,29.9,22.4
MT,2024/08,12.5,29.5,21.1
MT,2024/09,7.1,22.2,14.8
MT,2024/10,0.6,14.3,7.6
MT,2024/11,-11.4,-1.9,-7.1
MT,2024/12,-17,-6.9,-12.3
NC,2023/01,0.1,11.3,6
NC,2023/02,2.2,15.9,9.2
NC,2023/03,5.8,19.4,12.9
NC,2023/04,9.8,21.1,15.6
NC,2023/05,15.8,28.5,22.3
NC,2023/06,19.7,30.6,25.3
NC,2023/07,20.6,30.1,25.5
NC,2023/08,20.5,30.2,25.5
NC,2023/09,18.6,27.5,23.2
NC,2023/10,9.6,23.8,16.8
NC,2023/11,4.1,16.7,9.4
NC,2023/12,-1.1,9.9,4.6
NC,2024/01,1.3,12.5,7.2
NC,2024/02,2.9,16.6,9.9
NC,2024/03,5.8,19.4,12.9
NC,2024/04,11.3,22.6,17.1
NC,2024/05,15.8,28.5,22.3
NC,2024/06,20.3,31.2,25.9
NC,2024/07,21.6,31.1,26.5
NC,2024/08,21.6,31.3,26.6
NC,2024/09,18.9,27.8,23.5
NC,2024/10,10.5,24.7,17.7
NC,2024/11,3.6,16.2,8.9
NC,2024/12,0,11,5.7
ND,2023/01,-16.9,-7.4,-12.2
ND,2023/02,-10.6,0.6,-5.6
ND,2023/03,-4.5,7.4,1.9
ND,2023/04,-0.8,12,5.9
ND,2023/05,7.7,19.6,14.2
ND,2023/06,10.6,22.2,17.2
ND,2023/07,15.5,26.7,21.6
ND,2023/08,14.1,27.6,19.5
ND,2023/09,8,19.6,14.5
ND,2023/10,3.3,13.3,9.2
ND,2023/11,-9,-1.4,-3.3
ND,2023/12,-23,-12.8,-18
ND,2024/01,-15.8,-6.3,-11.1
ND,2024/02,-9.1,2.1,-4.1
ND,2024/03,-3.2,8.7,3.2
ND,2024/04,0.2,13,6.9
ND,2024/05,9,20.9,15.5
ND,2024/06,11.5,23.1,18.1
ND,2024/07,16.9,28.1,23
ND,2024/08,15.2,28.7,20.6
ND,2024/09,9,20.6,15.5
ND,2024/10,3.8,13.8,9.7
ND,2024/11,-9.1,-1.5,-3.4
ND,2024/12,-22.8,-12.6,-17.8
NE,2023/01,-7.2,3.6,-2.5
NE,2023/02,-2.2,9.7,0.8
NE,2023/03,1.9,14.1,5
NE,2023/04,4.5,19.7,8.2
NE,2023/05,12.8,25.5,15.7
NE,2023/06,15.6,27.2,19.3
NE,2023/07,18.9,28.2,23.8
NE,2023/08,20.2,29.8,24.5
NE,2023/09,12.1,26.8,16.7
NE,2023/10,8,20.8,11
NE,2023/11,-4.3,5.3,-4.6
NE,2023/12,-14,-4.3,-7.6
NE,2024/01,-5.8,5,-1.1
NE,2024/02,-2.4,9.5,0.6
NE,2024/03,2.2,14.4,5.3
NE,2024/04,5.2,20.4,8.9
NE,2024/05,14.1,26.8,17
NE,2024/06,16.7,28.3,20.4
NE,2024/07,19.1,28.4,24
NE,2024/08,21.2,30.8,25.5
NE,2024/09,12.1,26.8,16.7
NE,2024/10,8.9,21.7,11.9
NE,2024/11,-2.9,6.7,-3.2
NE,2024/12,-12.9,-3.2,-6.5
NH,2023/01,-15.1,-3.2,-9.5
NH,2023/02,-12,0.6,-5.2
NH,2023/03,-4.7,6.3,1
NH,2023/04,0.1,9,4.8
NH,2023/05,5.2,15.5,10.4
NH,2023/06,10,19.2,14.8
NH,2023/07,10.5,22.2,16.3
NH,2023/08,11.6,20.4,15.8
NH,2023/09,6.7,14.4,10.1
NH,2023/10,1.5,12.5,6.7
NH,2023/11,-2.2,4.9,1.1
NH,2023/12,-12.6,-3.1,-7.7
NH,2024/01,-15.4,-3.5,-9.8
NH,2024/02,-10.5,2.1,-3.7
NH,2024/03,-4.7,6.3,1
NH,2024/04,1.3,10.2,6
NH,2024/05,5.7,16,10.9
NH,2024/06,9.6,18.8,14.4
NH,2024/07,10.6,22.3,16.4
NH,2024/08,11.9,20.7,16.1
NH,2024/09,7.5,15.2,10.9
NH,2024/10,1.3,12.3,6.5
NH,2024/11,-2.4,4.7,0.9
NH,2024/12,-13,-3.5,-8.1
NJ,2023/01,-5.3,3.7,-0.6
NJ,2023/02,-2.8,6.6,2
NJ,2023/03,1.7,13.6,7.8
NJ,2023/04,5,15.3,10.3
NJ,2023/05,11.1,22.1,16.8
NJ,2023/06,16,26.5,21.4
NJ,2023/07,16.9,27.2,22.2
NJ,2023/08,17.1,26.1,21.7
NJ,2023/09,12.3,22.7,17.7
NJ,2023/10,6.7,18.4,12.7
NJ,2023/11,1.2,10.8,6.2
NJ,2023/12,-6.7,2.1,-2.1
NJ,2024/01,-5.1,3.9,-0.4
NJ,2024/02,-1.5,7.9,3.3
NJ,2024/03,2.2,14.1,8.3
NJ,2024/04,5.3,15.6,10.6
NJ,2024/05,11.2,22.2,16.9
NJ,2024/06,16.4,26.9,21.8
NJ,2024/07,17.9,28.2,23.2
NJ,2024/08,17.7,26.7,22.3
NJ,2024/09,13.5,23.9,18.9
NJ,2024/10,7.8,19.5,13.8
NJ,2024/11,1.5,11.1,6.5
NJ,2024/12,-6.4,2.4,-1.8
NM,2023/01,-8,7.9,-1.7
NM,2023/02,-6.6,10.9,0.5
NM,2023/03,-6,11.1,1.2
NM,2023/04,-1.7,18,7.4
NM,2023/05,3.6,24.7,14
NM,2023/06,7.4,27.5,17.2
NM,2023/07,9.8,28.7,18.1
NM,2023/08,8.4,28,16.6
NM,2023/09,5.2,25.9,14.2
NM,2023/10,-0.1,14.8,5.8
NM,2023/11,-9.3,6.7,-2.9
NM,2023/12,-7.9,8.3,-1.9
NM,2024/01,-8.1,7.8,-1.8
NM,2024/02,-6.8,10.7,0.3
NM,2024/03,-6.2,10.9,1
NM,2024/04,-0.3,19.4,8.8
NM,2024/05,4.5,25.6,14.9
NM,2024/06,8.6,28.7,18.4
NM,2024/07,10.2,29.1,18.5
NM,2024/08,8.5,28.1,16.7
NM,2024/09,5.4,26.1,14.4
NM,2024/10,0.8,15.7,6.7
NM,2024/11,-8.2,7.8,-1.8
NM,2024/12,-6.4,9.8,-0.4
NV,2023/01,-10,-0.8,-5.5
NV,2023/02,-9.4,1.3,-4.3
NV,2023/03,-9.8,2.7,-3.9
NV,2023/04,-3.6,9.1,2.5
NV,2023/05,-0.4,13,6.1
NV,2023/06,3.7,18.2,10.9
NV,2023/07,7.1,22.2,14.9
NV,2023/08,7.5,20.9,13.9
NV,2023/09,1.7,16,8.4
NV,2023/10,-3,7.5,1.5
NV,2023/11,-12,-0.9,-7.2
NV,2023/12,-10.4,0.4,-5.4
NV,2024/01,-9.3,-0.1,-4.8
NV,2024/02,-8.7,2,-3.6
NV,2024/03,-9.6,2.9,-3.7
NV,2024/04,-3.6,9.1,2.5
NV,2024/05,-0.8,12.6,5.7
NV,2024/06,4.2,18.7,11.4
NV,2024/07,6.9,22,14.7
NV,2024/08,7.7,21.1,14.1
NV,2024/09,2,16.3,8.7
NV,2024/10,-2.2,8.3,2.3
NV,2024/11,-11,0.1,-6.2
NV,2024/12,-9.5,1.3,-4.5
NY,2023/01,-15.2,-4.1,-9.5
NY,2023/02,-14.3,-1.7,-7.8
NY,2023/03,-1,11,5.1
NY,2023/04,1.6,12.7,7.3
NY,2023/05,9,21.8,15.5
NY,2023/06,12.3,24.8,18
NY,2023/07,13.5,25.7,19.7
NY,2023/08,14.1,25.4,19.9
NY,2023/09,9.8,22.6,16.3
NY,2023/10,4.7,16.7,10.8
NY,2023/11,-0.2,7.8,4
NY,2023/12,-9,-0.8,-4.8
NY,2024/01,-14.5,-3.4,-8.8
NY,2024/02,-14.2,-1.6,-7.7
NY,2024/03,-1.5,10.5,4.6
NY,2024/04,1.5,12.6,7.2
NY,2024/05,9.9,22.7,16.4
NY,2024/06,12.4,24.9,18.1
NY,2024/07,15,27.2,21.2
NY,2024/08,14.3,25.6,20.1
NY,2024/09,9.7,22.5,16.2
NY,2024/10,5.2,17.2,11.3
NY,2024/11,0.1,8.1,4.3
NY,2024/12,-9.3,-1.1,-5.1
OH,2023/01,-7.3,1.3,-2.8
OH,2023/02,-3.2,5.7,1.4
OH,2023/03,0.8,11.6,6.3
OH,2023/04,3.4,13.2,8.5
OH,2023/05,11.1,21.7,16.9
OH,2023/06,15.3,25.3,20.5
OH,2023/07,15.1,24.9,20.2
OH,2023/08,15.6,25.4,20.6
OH,2023/09,12.2,22.4,17.4
OH,2023/10,7.5,17.7,12.8
OH,2023/11,0.7,8,4.4
OH,2023/12,-9,-1.8,-5.4
OH,2024/01,-5.8,2.8,-1.3
OH,2024/02,-3.3,5.6,1.3
OH,2024/03,0.4,11.2,5.9
OH,2024/04,4.2,14,9.3
OH,2024/05,11.9,22.5,17.7
OH,2024/06,15,25,20.2
OH,2024/07,14.9,24.7,20
OH,2024/08,16.3,26.1,21.3
OH,2024/09,12.8,23,18
OH,2024/10,7,17.2,12.3
OH,2024/11,0.6,7.9,4.3
OH,2024/12,-8.3,-1.1,-4.7
OK,2023/01,0.4,11.9,6.3
OK,2023/02,4.2,18,11.3
OK,2023/03,7.3,19.1,13.3
OK,2023/04,9.3,21.7,15.7
OK,2023/05,16.6,27.8,22.3
OK,2023/06,19.2,28.2,23.9
OK,2023/07,21.4,33.3,27.5
OK,2023/08,22.5,37.9,30.4
OK,2023/09,16.4,32.6,24.7
OK,2023/10,13.3,24.2,18.9
OK,2023/11,1.9,12.8,7.5
OK,2023/12,-4.5,5.1,0.1
OK,2024/01,1.2,12.7,7.1
OK,2024/02,4.6,18.4,11.7
OK,2024/03,8,19.8,14
OK,2024/04,10.5,22.9,16.9
OK,2024/05,17.4,28.6,23.1
OK,2024/06,20.2,29.2,24.9
OK,2024/07,21.2,33.1,27.3
OK,2024/08,22.1,37.5,30
OK,2024/09,16.9,33.1,25.2
OK,2024/10,13.3,24.2,18.9
OK,2024/11,1.7,12.6,7.3
OK,2024/12,-3.3,6.3,1.3
OR,2023/01,0,7.3,3.8
OR,2023/02,1.6,9.8,5.9
OR,2023/03,1.1,12,6.7
OR,2023/04,4,17.4,10.8
OR,2023/05,7.4,18.5,13.1
OR,2023/06,8.8,24.3,16.7
OR,2023/07,9.8,25.8,18
OR,2023/08,8.7,26,17.5
OR,2023/09,8.4,23.2,15.9
OR,2023/10,5.3,16.9,11.2
OR,2023/11,-0.8,9.6,4.5
OR,2023/12,0.6,7.9,4.4
OR,2024/01,0.5,7.8,4.3
OR,2024/02,1.8,10,6.1
OR,2024/03,0.9,11.8,6.5
OR,2024/04,3.7,17.1,10.5
OR,2024/05,8.3,19.4,14
OR,2024/06,9.2,24.7,17.1
OR,2024/07,10.9,26.9,19.1
OR,2024/08,10.2,27.5,19
OR,2024/09,8.1,22.9,15.6
OR,2024/10,5.1,16.7,11
OR,2024/11,0,10.4,5.3
OR,2024/12,0.2,7.5,4
PA,2023/01,-6.2,1.2,-2.3
PA,2023/02,-3.6,4.5,0.6
PA,2023/03,1,10.1,5.6
PA,2023/04,3.4,12.1,7.9
PA,2023/05,10.5,20.4,15.6
PA,2023/06,15.1,24.3,19.7
PA,2023/07,15.6,24.1,20
PA,2023/08,15.9,24.5,20.3
PA,2023/09,12.8,21.9,17.5
PA,2023/10,8,16.4,12.3
PA,2023/11,1.4,7.9,4.8
PA,2023/12,-7.5,-1.4,-4.3
PA,2024/01,-6,1.4,-2.1
PA,2024/02,-3.8,4.3,0.4
PA,2024/03,1.9,11,6.5
PA,2024/04,4.8,13.5,9.3
PA,2024/05,11.5,21.4,16.6
PA,2024/06,16.5,25.7,21.1
PA,2024/07,15.9,24.4,20.3
PA,2024/08,16,24.6,20.4
PA,2024/09,14.2,23.3,18.9
PA,2024/10,8,16.4,12.3
PA,2024/11,1,7.5,4.4
PA,2024/12,-6.3,-0.2,-3.1
RI,2023/01,-7.6,1.8,-2.7
RI,2023/02,-3.3,4.5,0.7
RI,2023/03,0.3,10,5.3
RI,2023/04,3.3,11.6,7.6
RI,2023/05,8.4,18.2,13.5
RI,2023/06,13.1,22.8,18.1
RI,2023/07,15.2,24.3,19.9
RI,2023/08,15.7,24.8,20.4
RI,2023/09,11.6,21.6,16.8
RI,2023/10,5.4,16.3,11
RI,2023/11,1.9,10.1,6.1
RI,2023/12,-6.3,2.6,-1.7
RI,2024/01,-6.6,2.8,-1.7
RI,2024/02,-3.5,4.3,0.5
RI,2024/03,0.9,10.6,5.9
RI,2024/04,4.6,12.9,8.9
RI,2024/05,9.6,19.4,14.7
RI,2024/06,13.3,23,18.3
RI,2024/07,16.3,25.4,21
RI,2024/08,15.3,24.4,20
RI,2024/09,11.7,21.7,16.9
RI,2024/10,5.9,16.8,11.5
RI,2024/11,2.6,10.8,6.8
RI,2024/12,-5.8,3.1,-1.2
SC,2023/01,1.3,14.1,6.4
SC,2023/02,3,18.2,9.5
SC,2023/03,7.8,21.9,13.7
SC,2023/04,10.1,22.9,16
SC,2023/05,15,30.8,22.6
SC,2023/06,19.1,31.4,25.2
SC,2023/07,20.2,31.5,26
SC,2023/08,18.9,30.9,25.9
SC,2023/09,16.6,27.7,23.4
SC,2023/10,9.1,24.3,15.8
SC,2023/11,3.3,17.1,11.1
SC,2023/12,-2.3,8.1,5.2
SC,2024/01,2.6,15.4,7.7
SC,2024/02,3.5,18.7,10
SC,2024/03,8.4,22.5,14.3
SC,2024/04,11.2,24,17.1
SC,2024/05,14.6,30.4,22.2
SC,2024/06,19.8,32.1,25.9
SC,2024/07,20.8,32.1,26.6
SC,2024/08,19.6,31.6,26.6
SC,2024/09,17.5,28.6,24.3
SC,2024/10,10.2,25.4,16.9
SC,2024/11,3.7,17.5,11.5
SC,2024/12,-1.5,8.9,6
SD,2023/01,-8.2,2.5,-5
SD,2023/02,-6.8,6.5,0.2
SD,2023/03,-4.2,8.7,5.1
SD,2023/04,-2.3,11.8,8.4
SD,2023/05,4.9,18.3,15.8
SD,2023/06,8.8,22.8,19.3
SD,2023/07,13.7,28.9,24.1
SD,2023/08,13.9,29.2,23
SD,2023/09,7,22.7,18.5
SD,2023/10,1.9,15.7,11.7
SD,2023/11,-9.4,-0.3,-3.8
SD,2023/12,-12.5,-1.5,-12
SD,2024/01,-7,3.7,-3.8
SD,2024/02,-7,6.3,0
SD,2024/03,-4.5,8.4,4.8
SD,2024/04,-2.6,11.5,8.1
SD,2024/05,6.2,19.6,17.1
SD,2024/06,9.3,23.3,19.8
SD,2024/07,14.6,29.8,25
SD,2024/08,14.1,29.4,23.2
SD,2024/09,7.1,22.8,18.6
SD,2024/10,1.5,15.3,11.3
SD,2024/11,-9.6,-0.5,-4
SD,2024/12,-11.8,-0.8,-11.3
TN,2023/01,-1.2,9.3,4.1
TN,2023/02,1.6,15.4,8.3
TN,2023/03,4.1,18.7,11.4
TN,2023/04,6.3,19.4,12.7
TN,2023/05,13.8,26.7,20.4
TN,2023/06,16.2,29.2,22.3
TN,2023/07,17.4,31.1,23.6
TN,2023/08,16.9,31.2,23.4
TN,2023/09,13.6,27.2,19.7
TN,2023/10,6.8,24.1,14.5
TN,2023/11,1.2,12.1,6.2
TN,2023/12,-5.6,3.4,-1.7
TN,2024/01,-1.1,9.4,4.2
TN,2024/02,2.7,16.5,9.4
TN,2024/03,3.8,18.4,11.1
TN,2024/04,7.4,20.5,13.8
TN,2024/05,14,26.9,20.6
TN,2024/06,17.1,30.1,23.2
TN,2024/07,18.1,31.8,24.3
TN,2024/08,18,32.3,24.5
TN,2024/09,13.3,26.9,19.4
TN,2024/10,7.8,25.1,15.5
TN,2024/11,1.6,12.5,6.6
TN,2024/12,-5,4,-1.1
TX,2023/01,2.3,14.8,11.3
TX,2023/02,5.9,19.8,15.1
TX,2023/03,8.5,20.8,17.9
TX,2023/04,10.5,22.3,18.6
TX,2023/05,18.1,27.8,24.9
TX,2023/06,21,29.3,26.7
TX,2023/07,21.8,33.2,29
TX,2023/08,21.4,36.6,29.6
TX,2023/09,17.6,32.4,25.8
TX,2023/10,13.3,24.3,20.8
TX,2023/11,5,14.1,12.4
TX,2023/12,-1.2,8.6,4.3
TX,2024/01,3.2,15.7,12.2
TX,2024/02,6.2,20.1,15.4
TX,2024/03,8.4,20.7,17.8
TX,2024/04,11.7,23.5,19.8
TX,2024/05,18.1,27.8,24.9
TX,2024/06,20.6,28.9,26.3
TX,2024/07,21.3,32.7,28.5
TX,2024/08,21.7,36.9,29.9
TX,2024/09,17.1,31.9,25.3
TX,2024/10,14.1,25.1,21.6
TX,2024/11,6.1,15.2,13.5
TX,2024/12,-0.5,9.3,5
UT,2023/01,-6.1,7.5,0.8
UT,2023/02,-3.3,8.5,2.7
UT,2023/03,-3.4,12.3,4.7
UT,2023/04,1.2,20.2,10.9
UT,2023/05,6.2,25.4,15.9
UT,2023/06,9.6,29.7,19.8
UT,2023/07,13.5,32.4,23.1
UT,2023/08,13.9,30.7,22.7
UT,2023/09,8.2,27,17.7
UT,2023/10,2.3,16.8,9.7
UT,2023/11,-9.7,4.8,-2.3
UT,2023/12,-6.2,7.7,0.8
UT,2024/01,-4.7,8.9,2.2
UT,2024/02,-3.6,8.2,2.4
UT,2024/03,-2.7,13,5.4
UT,2024/04,1.7,20.7,11.4
UT,2024/05,5.8,25,15.5
UT,2024/06,10.2,30.3,20.4
UT,2024/07,14.5,33.4,24.1
UT,2024/08,14.7,31.5,23.5
UT,2024/09,8,26.8,17.5
UT,2024/10,2.6,17.1,10
UT,2024/11,-9.1,5.4,-1.7
UT,2024/12,-4.9,9,2.1
VA,2023/01,-6.8,5.1,2
VA,2023/02,-2.3,9.3,6.5
VA,2023/03,0.9,15.1,11.1
VA,2023/04,4.9,17.1,12.8
VA,2023/05,10.1,24.9,19.9
VA,2023/06,15.8,26.8,23.4
VA,2023/07,15.6,25.9,23.1
VA,2023/08,15.9,26.1,23
VA,2023/09,12.1,22.9,19
VA,2023/10,5.4,21.2,15.4
VA,2023/11,-0.4,10.6,7.1
VA,2023/12,-7.9,2,-0.4
VA,2024/01,-5.8,6.1,3
VA,2024/02,-1.2,10.4,7.6
VA,2024/03,2,16.2,12.2
VA,2024/04,5.5,17.7,13.4
VA,2024/05,9.8,24.6,19.6
VA,2024/06,15.9,26.9,23.5
VA,2024/07,16,26.3,23.5
VA,2024/08,16.2,26.4,23.3
VA,2024/09,12.5,23.3,19.4
VA,2024/10,5.8,21.6,15.8
VA,2024/11,0.6,11.6,8.1
VA,2024/12,-7.1,2.8,0.4
VT,2023/01,-15.2,-4.2,-6.8
VT,2023/02,-14.6,0.6,-6.4
VT,2023/03,-6,7.6,0.8
VT,2023/04,-1.8,9.6,4
VT,2023/05,5,18.1,12.1
VT,2023/06,9.6,22.4,15.7
VT,2023/07,11.1,24.6,17.4
VT,2023/08,10.7,24.5,17.4
VT,2023/09,6.3,21,13
VT,2023/10,0.6,14.8,7.8
VT,2023/11,-2.1,6.4,1.3
VT,2023/12,-13.6,-2.4,-8.8
VT,2024/01,-15.5,-4.5,-7.1
VT,2024/02,-14.6,0.6,-6.4
VT,2024/03,-5.4,8.2,1.4
VT,2024/04,-2.2,9.2,3.6
VT,2024/05,5,18.1,12.1
VT,2024/06,11.1,23.9,17.2
VT,2024/07,11.6,25.1,17.9
VT,2024/08,11.6,25.4,18.3
VT,2024/09,7.1,21.8,13.8
VT,2024/10,0.6,14.8,7.8
VT,2024/11,-1.4,7.1,2
VT,2024/12,-13.2,-2,-8.4
WA,2023/01,-5.9,1.4,5.3
WA,2023/02,-3.7,4.8,7.2
WA,2023/03,-0.4,11.3,6.8
WA,2023/04,2.8,19.4,11.7
WA,2023/05,5.7,20.6,13.8
WA,2023/06,9,25.1,17
WA,2023/07,10.6,29.7,18.9
WA,2023/08,10.6,30.1,18.6
WA,2023/09,6.3,24,16.4
WA,2023/10,2.6,16.6,11.9
WA,2023/11,-3.6,4.6,6.5
WA,2023/12,-5.3,0.6,5.5
WA,2024/01,-6.2,1.1,5
WA,2024/02,-3.9,4.6,7
WA,2024/03,0.5,12.2,7.7
WA,2024/04,3.5,20.1,12.4
WA,2024/05,6,20.9,14.1
WA,2024/06,10.2,26.3,18.2
WA,2024/07,10.9,30,19.2
WA,2024/08,11.4,30.9,19.4
WA,2024/09,6.8,24.5,16.9
WA,2024/10,3.2,17.2,12.5
WA,2024/11,-2.3,5.9,7.8
WA,2024/12,-3.9,2,6.9
WI,2023/01,-10.4,-2.4,-10
WI,2023/02,-7.8,0.4,-5
WI,2023/03,-2,7.6,1.5
WI,2023/04,0.2,9.8,3.5
WI,2023/05,7,15.5,11.8
WI,2023/06,11.3,20.5,14.1
WI,2023/07,14.6,23.1,18
WI,2023/08,14.7,22.6,18.1
WI,2023/09,9.9,17.7,13
WI,2023/10,5.7,12.6,9.5
WI,2023/11,0.2,5.5,0.4
WI,2023/12,-10.8,-4.5,-12.5
WI,2024/01,-10.3,-2.3,-9.9
WI,2024/02,-6.9,1.3,-4.1
WI,2024/03,-0.7,8.9,2.8
WI,2024/04,1.1,10.7,4.4
WI,2024/05,6.6,15.1,11.4
WI,2024/06,12.6,21.8,15.4
WI,2024/07,15.3,23.8,18.7
WI,2024/08,15.8,23.7,19.2
WI,2024/09,10.7,18.5,13.8
WI,2024/10,6.2,13.1,10
WI,2024/11,0.7,6,0.9
WI,2024/12,-9.8,-3.5,-11.5
WV,2023/01,-8.9,0.6,-1.9
WV,2023/02,-3.4,6.1,3.2
WV,2023/03,-0.3,11.4,7.5
WV,2023/04,1.2,12.6,10.5
WV,2023/05,9.2,21.6,17.4
WV,2023/06,13.3,23.5,20.9
WV,2023/07,12.8,23,20.7
WV,2023/08,13.5,24.3,20.8
WV,2023/09,10.6,20.3,17.2
WV,2023/10,5,17.5,12.6
WV,2023/11,-1.9,7.2,4.3
WV,2023/12,-10.9,-1.4,-5
WV,2024/01,-7.6,1.9,-0.6
WV,2024/02,-2.1,7.4,4.5
WV,2024/03,0.2,11.9,8
WV,2024/04,2.5,13.9,11.8
WV,2024/05,10.1,22.5,18.3
WV,2024/06,13.6,23.8,21.2
WV,2024/07,14.2,24.4,22.1
WV,2024/08,14.7,25.5,22
WV,2024/09,11,20.7,17.6
WV,2024/10,4.7,17.2,12.3
WV,2024/11,-2.3,6.8,3.9
WV,2024/12,-10.7,-1.2,-4.8
WY,2023/01,-12.5,1.5,-4.3
WY,2023/02,-9.8,3.6,-2
WY,2023/03,-4.9,10.5,-1.3
WY,2023/04,-2.6,15.4,3.4
WY,2023/05,4.4,19.9,7.1
WY,2023/06,6.7,24.5,10.8
WY,2023/07,11.5,33.6,15.7
WY,2023/08,6.5,26.9,15.2
WY,2023/09,3.1,23.8,8.2
WY,2023/10,-1.2,16.1,2.3
WY,2023/11,-13,2.1,-7.4
WY,2023/12,-16.8,-1.4,-5.9
WY,2024/01,-11.5,2.5,-3.3
WY,2024/02,-9.1,4.3,-1.3
WY,2024/03,-3.6,11.8,0
WY,2024/04,-2.5,15.5,3.5
WY,2024/05,4.9,20.4,7.6
WY,2024/06,6.8,24.6,10.9
WY,2024/07,11.8,33.9,16
WY,2024/08,6.9,27.3,15.6
WY,2024/09,3.8,24.5,8.9
WY,2024/10,-0.6,16.7,2.9
WY,2024/11,-12.5,2.6,-6.9
WY,2024/12,-17.2,-1.8,-6.3
